{"fr":30,"v":"5.9.6","ip":0,"op":119,"w":432,"h":168,"nm":"Frame 54","ddd":0,"markers":[],"assets":[{"nm":"[GROUP] Vector - Null / Vector / Vector - Null / Vector / Vector - Null / Vector / Vector - Null / Vector / Vector - Null / Vector","fr":30,"id":"mchoci72az0w0wv3","layers":[{"ty":3,"ddd":0,"ind":7,"hd":false,"nm":"Frame 54 - Null","sr":1,"ks":{"a":{"a":0,"k":[0,0]},"o":{"a":0,"k":100},"p":{"a":0,"k":[0,0]},"r":{"a":0,"k":0},"s":{"a":0,"k":[100,100]},"sk":{"a":0,"k":0},"sa":{"a":0,"k":0}},"ao":0,"ip":0,"op":120,"st":0,"bm":0},{"ty":3,"ddd":0,"ind":8,"hd":false,"nm":"Fitly - Null","sr":1,"parent":7,"ks":{"a":{"a":0,"k":[215.8911,83.9125]},"o":{"a":1,"k":[{"t":45.645,"s":[0],"o":{"x":[0.5],"y":[0.35]},"i":{"x":[0.15],"y":[1]}},{"t":69.645,"s":[100]}]},"p":{"a":1,"k":[{"t":45.645,"s":[215.8911,251.7375],"o":{"x":[0.5],"y":[0.35]},"i":{"x":[0.15],"y":[1]},"ti":[0,0],"to":[0,0]},{"t":83.559,"s":[215.8911,83.9125]}]},"r":{"a":0,"k":0},"s":{"a":0,"k":[100,100]},"sk":{"a":0,"k":0},"sa":{"a":0,"k":0}},"ao":0,"ip":0,"op":120,"st":0,"bm":0},{"ty":3,"ddd":0,"ind":9,"hd":false,"nm":"Vector - Null","sr":1,"parent":8,"ks":{"a":{"a":0,"k":[0,0]},"o":{"a":0,"k":100},"p":{"a":0,"k":[336.6888,0]},"r":{"a":0,"k":0},"s":{"a":0,"k":[100,100]},"sk":{"a":0,"k":0},"sa":{"a":0,"k":0}},"ao":0,"ip":0,"op":120,"st":0,"bm":0},{"ty":4,"ddd":0,"ind":10,"hd":false,"nm":"Vector","sr":1,"parent":9,"ks":{"a":{"a":0,"k":[0,0]},"p":{"a":0,"k":[0,0]},"s":{"a":0,"k":[100,100]},"sk":{"a":0,"k":0},"sa":{"a":0,"k":0},"r":{"a":0,"k":0},"o":{"a":0,"k":100}},"ao":0,"ip":0,"op":120,"st":0,"bm":0,"shapes":[{"ty":"gr","nm":"Group","hd":false,"np":3,"it":[{"ty":"sh","nm":"Path","hd":false,"ks":{"a":0,"k":{"c":true,"v":[[47.7123,4.8278],[43.902,9.1959],[44.7303,12.8743],[63.9478,66.4404],[82.0056,8.0465],[82.5026,5.7475],[80.3489,4.1382],[76.0415,3.4485],[76.0415,0],[95.0933,0],[95.0933,3.4485],[90.7859,4.3681],[87.9696,5.5176],[86.3129,8.7362],[54.0077,111.7302],[43.0736,142.9962],[33.6306,158.3993],[19.7145,166.9055],[10.7685,131.9611],[32.1396,126.6735],[49.5347,115.4085],[9.6088,9.6558],[7.6208,6.6671],[4.9701,5.2877],[0.0001,3.4485],[0.0001,0],[52.0197,0],[52.0197,3.4485],[47.7123,4.8278]],"i":[[0,0],[0,-2.1457],[-0.5522,-1.5327],[0,0],[0,0],[0,0.6131],[1.4358,0.1533],[0,0],[0,0],[0,0],[0,0],[0,0],[0.5522,-0.4598],[0.5522,-1.6859],[0,0],[2.8716,-6.5904],[3.5342,-3.5251],[5.8536,-1.9924],[0,0],[-6.7372,3.0653],[-4.8596,4.5979],[0,0],[0.7731,0.6131],[1.1045,0.3065],[0,0],[0,0],[0,0],[0,0],[0,0]],"o":[[-2.540239999999997,0.76633],[0,0.9195899999999995],[0,0],[0,0],[0.3313399999999973,-0.9195900000000004],[0,-0.9195900000000004],[0,0],[0,0],[0,0],[0,0],[0,0],[-1.325339999999997,0.3065300000000004],[-0.5522200000000055,0.4597899999999999],[0,0],[-4.4178,14.253630000000001],[-2.7611300000000014,6.743650000000002],[-3.4238,3.678359999999998],[0,0],[7.510259999999999,-0.4598000000000013],[6.73715,-2.9120300000000015],[0,0],[-0.5522299999999998,-1.3793799999999994],[-0.6626700000000003,-0.6130599999999999],[0,0],[0,0],[0,0],[0,0],[0,0],[0,0]]}}},{"ty":"fl","o":{"a":0,"k":100},"c":{"a":0,"k":[0.6431372549019608,0.8666666666666667,0,1]},"nm":"Fill","hd":false,"r":1},{"ty":"tr","a":{"a":0,"k":[0,0]},"p":{"a":0,"k":[0,0]},"s":{"a":0,"k":[100,100]},"sk":{"a":0,"k":0},"sa":{"a":0,"k":0},"r":{"a":0,"k":0},"o":{"a":0,"k":100}}]}]},{"ty":3,"ddd":0,"ind":11,"hd":false,"nm":"Vector - Null","sr":1,"parent":8,"ks":{"a":{"a":0,"k":[0,0]},"o":{"a":0,"k":100},"p":{"a":0,"k":[268.0066,0]},"r":{"a":0,"k":0},"s":{"a":0,"k":[100,100]},"sk":{"a":0,"k":0},"sa":{"a":0,"k":0}},"ao":0,"ip":0,"op":120,"st":0,"bm":0},{"ty":4,"ddd":0,"ind":12,"hd":false,"nm":"Vector","sr":1,"parent":11,"ks":{"a":{"a":0,"k":[0,0]},"p":{"a":0,"k":[0,0]},"s":{"a":0,"k":[100,100]},"sk":{"a":0,"k":0},"sa":{"a":0,"k":0},"r":{"a":0,"k":0},"o":{"a":0,"k":100}},"ao":0,"ip":0,"op":120,"st":0,"bm":0,"shapes":[{"ty":"gr","nm":"Group","hd":false,"np":3,"it":[{"ty":"sh","nm":"Path","hd":false,"ks":{"a":0,"k":{"c":true,"v":[[0,163.6868],[5.7984,161.8476],[8.9461,160.2383],[9.7744,156.7899],[9.7744,17.932],[8.9461,14.4835],[5.7984,12.8742],[0,11.035],[0,6.8969],[39.7602,0],[42.9079,0],[42.9079,156.7899],[43.5706,160.2384],[46.884,161.8477],[52.6824,163.6869],[52.6824,167.8251],[0.0001,167.8251],[0,163.6868]],"i":[[0,0],[0,0],[-0.4418,0.6131],[0,1.6859],[0,0],[0.5522,0.6131],[1.6567,0.4598],[0,0],[0,0],[0,0],[0,0],[0,0],[-0.4418,-0.6131],[-1.6567,-0.4598],[0,0],[0,0],[0,0],[0,0]],"o":[[0,0],[1.6566799999999997,-0.45978999999999814],[0.5522299999999998,-0.6130599999999902],[0,0],[0,-1.6859199999999994],[-0.4417799999999996,-0.6130499999999994],[0,0],[0,0],[0,0],[0,0],[0,0],[0,1.685910000000007],[0.5522300000000016,0.6130599999999902],[0,0],[0,0],[0,0],[0,0],[0,0]]}}},{"ty":"fl","o":{"a":0,"k":100},"c":{"a":0,"k":[0.6431372549019608,0.8666666666666667,0,1]},"nm":"Fill","hd":false,"r":1},{"ty":"tr","a":{"a":0,"k":[0,0]},"p":{"a":0,"k":[0,0]},"s":{"a":0,"k":[100,100]},"sk":{"a":0,"k":0},"sa":{"a":0,"k":0},"r":{"a":0,"k":0},"o":{"a":0,"k":100}}]}]},{"ty":3,"ddd":0,"ind":13,"hd":false,"nm":"Vector - Null","sr":1,"parent":8,"ks":{"a":{"a":0,"k":[0,0]},"o":{"a":0,"k":100},"p":{"a":0,"k":[184.7455,0]},"r":{"a":0,"k":0},"s":{"a":0,"k":[100,100]},"sk":{"a":0,"k":0},"sa":{"a":0,"k":0}},"ao":0,"ip":0,"op":120,"st":0,"bm":0},{"ty":4,"ddd":0,"ind":14,"hd":false,"nm":"Vector","sr":1,"parent":13,"ks":{"a":{"a":0,"k":[0,0]},"p":{"a":0,"k":[0,0]},"s":{"a":0,"k":[100,100]},"sk":{"a":0,"k":0},"sa":{"a":0,"k":0},"r":{"a":0,"k":0},"o":{"a":0,"k":100}},"ao":0,"ip":0,"op":120,"st":0,"bm":0,"shapes":[{"ty":"gr","nm":"Group","hd":false,"np":3,"it":[{"ty":"sh","nm":"Path","hd":false,"ks":{"a":0,"k":{"c":true,"v":[[0,48.0485],[0,42.0712],[7.6207,40.9217],[12.5907,36.7836],[42.0795,0],[43.5705,0],[43.5705,42.0712],[64.9416,42.0712],[64.9416,48.0485],[43.5705,48.0485],[43.5705,125.294],[45.3928,140.927],[52.0195,145.2951],[58.4805,143.226],[64.6102,136.0992],[67.2609,140.4673],[36.4467,156.5601],[16.7323,148.5137],[10.7683,123.4549],[10.7683,48.0486],[0,48.0485]],"i":[[0,0],[0,0],[-1.6567,0.7663],[-1.6567,1.9924],[0,0],[0,0],[0,0],[0,0],[0,0],[0,0],[0,0],[-1.2149,-3.0653],[-3.0925,0],[-1.8776,1.3794],[-2.2089,3.3718],[0,0],[13.5847,0],[3.976,5.3643],[0,11.3416],[0,0],[0,0]],"o":[[0,0],[3.4238,0],[1.6566800000000006,-0.7663200000000003],[0,0],[0,0],[0,0],[0,0],[0,0],[0,0],[0,0],[0,7.356710000000007],[1.325339999999997,2.9120299999999872],[2.429789999999997,0],[1.8775699999999986,-1.3793799999999976],[0,0],[-6.958039999999997,10.72854000000001],[-9.16694,0],[-3.97602,-5.364270000000005],[0,0],[0,0],[0,0]]}}},{"ty":"fl","o":{"a":0,"k":100},"c":{"a":0,"k":[0.6431372549019608,0.8666666666666667,0,1]},"nm":"Fill","hd":false,"r":1},{"ty":"tr","a":{"a":0,"k":[0,0]},"p":{"a":0,"k":[0,0]},"s":{"a":0,"k":[100,100]},"sk":{"a":0,"k":0},"sa":{"a":0,"k":0},"r":{"a":0,"k":0},"o":{"a":0,"k":100}}]}]},{"ty":3,"ddd":0,"ind":15,"hd":false,"nm":"Vector - Null","sr":1,"parent":8,"ks":{"a":{"a":0,"k":[0,0]},"o":{"a":0,"k":100},"p":{"a":0,"k":[116.0632,0]},"r":{"a":0,"k":0},"s":{"a":0,"k":[100,100]},"sk":{"a":0,"k":0},"sa":{"a":0,"k":0}},"ao":0,"ip":0,"op":120,"st":0,"bm":0},{"ty":4,"ddd":0,"ind":16,"hd":false,"nm":"Vector","sr":1,"parent":15,"ks":{"a":{"a":0,"k":[0,0]},"p":{"a":0,"k":[0,0]},"s":{"a":0,"k":[100,100]},"sk":{"a":0,"k":0},"sa":{"a":0,"k":0},"r":{"a":0,"k":0},"o":{"a":0,"k":100}},"ao":0,"ip":0,"op":120,"st":0,"bm":0,"shapes":[{"ty":"gr","nm":"Group","hd":false,"np":4,"it":[{"ty":"sh","nm":"Path","hd":false,"ks":{"a":0,"k":{"c":true,"v":[[26.3411,38.6227],[13.916,33.7949],[9.2773,19.3114],[13.916,5.0578],[26.3411,0.0001],[38.7662,5.0578],[43.4049,19.3114],[38.7662,33.7949],[26.3411,38.6227],[26.3411,38.6227]],"i":[[0,0],[3.0925,3.2186],[0,6.2839],[-3.0925,3.2186],[-5.1909,0],[-3.0925,-3.3718],[0,-6.2839],[3.0925,-3.3718],[5.1909,0],[0,0]],"o":[[-5.190920000000002,0],[-3.092459999999999,-3.371829999999999],[0,-6.283860000000001],[3.092459999999999,-3.37183],[5.190920000000002,0],[3.0924600000000027,3.21856],[0,6.283860000000001],[-3.0924600000000027,3.2185599999999965],[0,0],[0,0]]}}},{"ty":"sh","nm":"Path","hd":false,"ks":{"a":0,"k":{"c":true,"v":[[0,163.6868],[5.7984,161.8476],[8.9461,160.2383],[9.7744,156.7898],[9.7744,69.8887],[8.9461,66.4402],[5.7984,64.8309],[0,62.9917],[0,58.8536],[39.7602,51.9567],[42.9079,51.9567],[42.9079,156.7898],[43.5706,160.2383],[46.884,161.8476],[52.6824,163.6868],[52.6824,167.825],[0.0001,167.825],[0,163.6868]],"i":[[0,0],[0,0],[-0.4418,0.6131],[0,1.6859],[0,0],[0.5522,0.6131],[1.6567,0.4598],[0,0],[0,0],[0,0],[0,0],[0,0],[-0.4418,-0.6131],[-1.6567,-0.4598],[0,0],[0,0],[0,0],[0,0]],"o":[[0,0],[1.6566799999999997,-0.45978999999999814],[0.5522200000000002,-0.6130599999999902],[0,0],[0,-1.685910000000007],[-0.4417799999999996,-0.6130600000000044],[0,0],[0,0],[0,0],[0,0],[0,0],[0,1.685910000000007],[0.5522199999999984,0.6130599999999902],[0,0],[0,0],[0,0],[0,0],[0,0]]}}},{"ty":"fl","o":{"a":0,"k":100},"c":{"a":0,"k":[0.6431372549019608,0.8666666666666667,0,1]},"nm":"Fill","hd":false,"r":1},{"ty":"tr","a":{"a":0,"k":[0,0]},"p":{"a":0,"k":[0,0]},"s":{"a":0,"k":[100,100]},"sk":{"a":0,"k":0},"sa":{"a":0,"k":0},"r":{"a":0,"k":0},"o":{"a":0,"k":100}}]}]},{"ty":3,"ddd":0,"ind":17,"hd":false,"nm":"Vector - Null","sr":1,"parent":8,"ks":{"a":{"a":0,"k":[0,0]},"o":{"a":0,"k":100},"p":{"a":0,"k":[0,0]},"r":{"a":0,"k":0},"s":{"a":0,"k":[100,100]},"sk":{"a":0,"k":0},"sa":{"a":0,"k":0}},"ao":0,"ip":0,"op":120,"st":0,"bm":0},{"ty":4,"ddd":0,"ind":18,"hd":false,"nm":"Vector","sr":1,"parent":17,"ks":{"a":{"a":0,"k":[0,0]},"p":{"a":0,"k":[0,0]},"s":{"a":0,"k":[100,100]},"sk":{"a":0,"k":0},"sa":{"a":0,"k":0},"r":{"a":0,"k":0},"o":{"a":0,"k":100}},"ao":0,"ip":0,"op":120,"st":0,"bm":0,"shapes":[{"ty":"gr","nm":"Group","hd":false,"np":3,"it":[{"ty":"sh","nm":"Path","hd":false,"ks":{"a":0,"k":{"c":true,"v":[[95.9215,44.83],[89.2948,22.3001],[80.8458,10.8052],[65.4387,6.897],[43.9019,6.897],[43.9019,75.1765],[85.3188,75.1765],[85.3188,82.0734],[43.9019,82.0734],[43.9019,149.2034],[44.5646,152.6519],[47.878,154.2612],[55.0017,156.3303],[55.0017,160.9282],[0.0001,160.9282],[0.0001,156.3303],[6.1298,154.4911],[9.2775,152.8818],[10.1058,149.4334],[10.1058,11.4951],[9.2775,8.0467],[6.1298,6.4374],[0.0001,4.5982],[0.0001,0.0003],[100.0633,0.0003],[100.0633,44.8303],[95.9215,44.83]],"i":[[0,0],[2.0985,5.0577],[3.6447,2.6055],[6.6267,0],[0,0],[0,0],[0,0],[0,0],[0,0],[0,0],[-0.4418,-0.6131],[-1.6567,-0.4598],[0,0],[0,0],[0,0],[0,0],[0,0],[-0.4418,0.6131],[0,1.6859],[0,0],[0.5522,0.6131],[1.6567,0.4598],[0,0],[0,0],[0,0],[0,0],[0,0]],"o":[[-2.319339999999997,-9.962220000000002],[-1.9880100000000027,-5.057739999999999],[-3.644679999999994,-2.6054999999999993],[0,0],[0,0],[0,0],[0,0],[0,0],[0,0],[0,1.685910000000007],[0.5522199999999984,0.6130599999999902],[0,0],[0,0],[0,0],[0,0],[0,0],[1.6566799999999997,-0.45978999999999814],[0.5522299999999998,-0.6130599999999902],[0,0],[0,-1.6859099999999998],[-0.4417799999999996,-0.6130599999999999],[0,0],[0,0],[0,0],[0,0],[0,0],[0,0]]}}},{"ty":"fl","o":{"a":0,"k":100},"c":{"a":0,"k":[0.6431372549019608,0.8666666666666667,0,1]},"nm":"Fill","hd":false,"r":1},{"ty":"tr","a":{"a":0,"k":[0,0]},"p":{"a":0,"k":[0,0]},"s":{"a":0,"k":[100,100]},"sk":{"a":0,"k":0},"sa":{"a":0,"k":0},"r":{"a":0,"k":0},"o":{"a":0,"k":100}}]}]}]},{"nm":"[FRAME] Frame 54 - Null / Fitly","fr":30,"id":"mchoci6zi9ay4ass","layers":[{"ty":3,"ddd":0,"ind":19,"hd":false,"nm":"Frame 54 - Null","sr":1,"ks":{"a":{"a":0,"k":[0,0]},"o":{"a":0,"k":100},"p":{"a":0,"k":[0,0]},"r":{"a":0,"k":0},"s":{"a":0,"k":[100,100]},"sk":{"a":0,"k":0},"sa":{"a":0,"k":0}},"ao":0,"ip":0,"op":120,"st":0,"bm":0},{"ddd":0,"ind":20,"ty":0,"nm":"Fitly","refId":"mchoci72az0w0wv3","sr":1,"ks":{"a":{"a":0,"k":[0,0]},"p":{"a":0,"k":[0,0]},"s":{"a":0,"k":[100,100]},"sk":{"a":0,"k":0},"sa":{"a":0,"k":0},"r":{"a":0,"k":0},"o":{"a":1,"k":[{"t":45.645,"s":[0],"o":{"x":[0.5],"y":[0.35]},"i":{"x":[0.15],"y":[1]}},{"t":69.645,"s":[100]}]}},"ao":0,"w":432,"h":168,"ip":0,"op":120,"st":0,"hd":false,"bm":0}]}],"layers":[{"ddd":0,"ind":1,"ty":0,"nm":"Frame 54","refId":"mchoci6zi9ay4ass","sr":1,"ks":{"a":{"a":0,"k":[0,0]},"p":{"a":0,"k":[0,0]},"s":{"a":0,"k":[100,100]},"sk":{"a":0,"k":0},"sa":{"a":0,"k":0},"r":{"a":0,"k":0},"o":{"a":0,"k":100}},"ao":0,"w":432,"h":168,"ip":0,"op":120,"st":0,"hd":false,"bm":0}],"meta":{"a":"","d":"","tc":"","g":"Aninix"}}